{"cameraMode":{"drawMode":0,"name":"Shaded","section":"Shading Mode"},"sceneLighting":false,"audioPlay":false,"sceneViewState":{"m_AlwaysRefresh":false,"showFog":true,"showSkybox":false,"showFlares":true,"showImageEffects":true,"showParticleSystems":true,"showVisualEffectGraphs":true,"m_FxEnabled":true},"in2DMode":false,"pivot":{"x":2.9802322387695315e-8,"y":1.2100000381469727,"z":-5.960464477539063e-8},"rotation":{"x":0.02356862835586071,"y":0.8063366413116455,"z":-0.03218156471848488,"w":0.5901321172714233},"size":2.638692855834961,"orthographic":false}