{"cameraMode":{"drawMode":0,"name":"Shaded","section":"Shading Mode"},"sceneLighting":true,"audioPlay":false,"sceneViewState":{"m_AlwaysRefresh":false,"showFog":true,"showSkybox":true,"showFlares":true,"showImageEffects":true,"showParticleSystems":true,"showVisualEffectGraphs":true,"m_FxEnabled":true},"in2DMode":false,"pivot":{"x":-0.025999724864959718,"y":1.2153584957122803,"z":-0.00048615242121741176},"rotation":{"x":-0.09738035500049591,"y":0.5059735178947449,"z":-0.057641781866550449,"w":-0.8551526069641113},"size":1.0139609575271607,"orthographic":false}